Reference,Pearson_r,p_value
Knowledge,0.004983550203175731,0.8529941733338394
Awareness,0.042878523513974066,0.11070278781447024
