Question,Pearson_r,p_value
Q8,0.0838379675599395,0.0017916311838893544
Q9,0.05392680081050581,0.04479592563968859
Q10,0.1162110638069022,1.4532646592289172e-05
Q14,0.5419356415904817,1.497053347053988e-106
Q19,0.41761476317419666,1.427838074548778e-59
Q21,0.5032892542712941,8.114231517828991e-90
Q24,0.7339010940524132,1.472849843138404e-234
Q29,0.5547968785113682,1.2792216657222652e-112
