Factor,Variance Explained (%)
Factor1,17.125505387893057
Factor2,11.49607966162468
Factor3,9.775595135515927
